id,name,value
ID10000,Aarav Sharma,value_0
ID10001,Maya Patel,value_1
ID10002,Rohan Kumar,value_2
ID10003,Anika Reddy,value_3
ID10004,Vikram Singh,value_4
ID10005,Sara Thomas,value_5
ID10006,David Mehta,value_6
ID10007,Priya Brown,value_7
ID10008,Aarav Sharma,value_8
ID10009,Maya Patel,value_9
ID10010,Rohan Kumar,value_10
ID10011,Anika Reddy,value_11
ID10012,Vikram Singh,value_12
ID10013,Sara Thomas,value_13
ID10014,David Mehta,value_14
ID10015,Priya Brown,value_15
ID10016,Aarav Sharma,value_16
ID10017,Maya Patel,value_17
ID10018,Rohan Kumar,value_18
ID10019,Anika Reddy,value_19
ID10020,Vikram Singh,value_20
ID10021,Sara Thomas,value_21
ID10022,David Mehta,value_22
ID10023,Priya Brown,value_23
ID10024,Aarav Sharma,value_24
ID10025,Maya Patel,value_25
ID10026,Rohan Kumar,value_26
ID10027,Anika Reddy,value_27
ID10028,Vikram Singh,value_28
ID10029,Sara Thomas,value_29
ID10030,David Mehta,value_30
ID10031,Priya Brown,value_31
ID10032,Aarav Sharma,value_32
ID10033,Maya Patel,value_33
ID10034,Rohan Kumar,value_34
ID10035,Anika Reddy,value_35
ID10036,Vikram Singh,value_36
ID10037,Sara Thomas,value_37
ID10038,David Mehta,value_38
ID10039,Priya Brown,value_39
ID10040,Aarav Sharma,value_40
ID10041,Maya Patel,value_41
ID10042,Rohan Kumar,value_42
ID10043,Anika Reddy,value_43
ID10044,Vikram Singh,value_44
ID10045,Sara Thomas,value_45
ID10046,David Mehta,value_46
ID10047,Priya Brown,value_47
ID10048,Aarav Sharma,value_48
ID10049,Maya Patel,value_49
ID10050,Rohan Kumar,value_50
ID10051,Anika Reddy,value_51
ID10052,Vikram Singh,value_52
ID10053,Sara Thomas,value_53
ID10054,David Mehta,value_54
ID10055,Priya Brown,value_55
ID10056,Aarav Sharma,value_56
ID10057,Maya Patel,value_57
ID10058,Rohan Kumar,value_58
ID10059,Anika Reddy,value_59
ID10060,Vikram Singh,value_60
ID10061,Sara Thomas,value_61
ID10062,David Mehta,value_62
ID10063,Priya Brown,value_63
ID10064,Aarav Sharma,value_64
ID10065,Maya Patel,value_65
ID10066,Rohan Kumar,value_66
ID10067,Anika Reddy,value_67
ID10068,Vikram Singh,value_68
ID10069,Sara Thomas,value_69
ID10070,David Mehta,value_70
ID10071,Priya Brown,value_71
ID10072,Aarav Sharma,value_72
ID10073,Maya Patel,value_73
ID10074,Rohan Kumar,value_74
ID10075,Anika Reddy,value_75
ID10076,Vikram Singh,value_76
ID10077,Sara Thomas,value_77
ID10078,David Mehta,value_78
ID10079,Priya Brown,value_79
ID10080,Aarav Sharma,value_80
ID10081,Maya Patel,value_81
ID10082,Rohan Kumar,value_82
ID10083,Anika Reddy,value_83
ID10084,Vikram Singh,value_84
ID10085,Sara Thomas,value_85
ID10086,David Mehta,value_86
ID10087,Priya Brown,value_87
ID10088,Aarav Sharma,value_88
ID10089,Maya Patel,value_89
ID10090,Rohan Kumar,value_90
ID10091,Anika Reddy,value_91
ID10092,Vikram Singh,value_92
ID10093,Sara Thomas,value_93
ID10094,David Mehta,value_94
ID10095,Priya Brown,value_95
ID10096,Aarav Sharma,value_96
ID10097,Maya Patel,value_97
ID10098,Rohan Kumar,value_98
ID10099,Anika Reddy,value_99
